Sample_ID,First_Name,Last_Name,Sex,Marital_Status,Age,DOB,Occupation,Facility,ZIP_Code,Lat,Long,Collection_Date,Ethnicity,Race,OXA-235,OXA-66
2023CK-00775,Jurnee,Gorr,F,S,25,11/2/98,College Student,Ogden Health Department,84401,41.19379,-111.9738,6/2/23,Hispanic,White,T,T
2024CK-00207,Braydon,Cloud,M,D,41,8/19/82,Construction Laborer,Salt Lake Wellness Center,84101,41.21962,-112.03352,2/8/24,Non-Hispanic,White,T,T
2023CK-00718,Nuvia,Loom,F,W,60,9/14/63,Retired Nurse,Salt Lake Wellness Center,84720,37.593409,-113.292337,5/17/23,Non-Hispanic,White,T,T
2023CK-00726,Yendry,Snalt,F,S,33,5/27/91,Food Service Worker,Salt Lake Wellness Center,84321,41.77938,-111.68316,5/17/23,Hispanic,Other,T,T
2023CK-00722,Revon,Trask,M,M,36,6/21/88,Truck Driver,Salt Lake Wellness Center,84532,38.53898,-109.45916,5/17/23,Non-Hispanic,White,T,T
2023CK-00719,Velda,Zallis,F,D,58,12/5/65,Social Worker,Salt Lake Wellness Center,84604,40.3313,-111.57284,5/17/23,Hispanic,White,T,T
2023CK-00757,Mavik,Druin,M,S,22,2/16/02,Barista,Salt Lake Wellness Center,84770,37.593409,-113.292337,5/17/23,Non-Hispanic,Black,T,T
2023CK-01026,Cindel,Creel,F,M,39,3/30/85,Phlebotomist,Salt Lake Wellness Center,84606,40.3313,-111.57284,8/5/23,Non-Hispanic,Asian,T,T
2023CK-00536,Tharin,Nayel,M,S,27,4/3/97,Health Aide,Salt Lake Wellness Center,84321,41.77938,-111.68316,4/5/23,Hispanic,White,T,T
2023CK-00723,Kentria,Gorr,F,U,49,7/19/75,Retail Clerk,Salt Lake Wellness Center,84403,41.19379,-111.9738,5/17/23,Non-Hispanic,Other,T,T
2023CK-00717,Elarin,Deel,F,W,70,5/10/53,Retired Teacher,Salt Lake Wellness Center,84104,41.21962,-112.03352,5/17/23,Non-Hispanic,White,T,T
2023CK-01115,Zerina,Skarn,F,D,29,6/17/94,Software Tester,Salt Lake Wellness Center,84720,37.593409,-113.292337,8/18/23,Hispanic,Asian,T,T
2023CK-01585,Dravo,Plott,M,M,54,12/11/69,Plumber,Moab Public Health Clinic,84532,38.53898,-109.45916,11/29/23,Non-Hispanic,White,T,T
2023CK-01270,Alvon,Loom,M,S,43,7/24/80,Delivery Driver,St. George Community Health,84770,37.593409,-113.292337,9/14/23,Non-Hispanic,White,T,T
2023CK-00774,Zerina,Cloud,F,U,31,9/29/92,Unemployed,Provo Regional Clinic,84604,40.3313,-111.57284,6/2/23,Unknown,Black,T,T
2025CK-00119,Yendry,Flint,F,D,62,1/8/62,Retired,Logan Care Center,84321,41.77938,-111.68316,1/14/25,Non-Hispanic,White,T,T
2024CK-01856,Mavik,Snalt,M,W,46,10/12/77,Lab Technician,Ogden Health Department,84401,41.19379,-111.9738,11/9/24,Hispanic,Asian,T,T
2023CK-00721,Kentria,Creel,F,M,28,11/11/95,Nurse,Cedar City Medical Outreach,84720,37.593409,-113.292337,5/17/23,Non-Hispanic,Pacific Islander,T,T
2023CK-00472,Nuvia,Zallis,F,S,35,12/22/88,Janitor,Moab Public Health Clinic,84532,38.53898,-109.45916,4/2/23,Hispanic,White,T,T
2023CK-00603,Tharin,Druin,M,S,40,6/9/83,Construction Laborer,Provo Regional Clinic,84606,40.3313,-111.57284,5/2/23,Non-Hispanic,White,T,T
2023CK-00776,Lior,Trask,M,S,19,4/8/05,High School Student,Provo Regional Clinic,84102,41.21962,-112.03352,5/17/23,Hispanic,White,T,T
2024CK-00317,Ardyn,Nayel,F,S,32,10/11/91,Medical Assistant,Provo Regional Clinic,84404,41.19379,-111.9738,3/8/24,Non-Hispanic,Asian,T,T
2023CK-00462,Tavin,Skarn,M,M,37,3/2/86,Mechanic,Provo Regional Clinic,84321,41.77938,-111.68316,3/22/23,Non-Hispanic,White,T,T
2023CK-00938,Cassiel,Zallis,F,S,26,1/14/97,Receptionist,Provo Regional Clinic,84770,37.593409,-113.292337,7/21/23,Hispanic,White,F,T
2022CK-00846,Lira,Gorr,F,D,59,11/22/64,Clerk,Provo Regional Clinic,84532,38.53898,-109.45916,12/10/22,Non-Hispanic,White,T,T
2023CK-00711,Merek,Deel,M,M,44,8/6/80,Police Officer,Provo Regional Clinic,84606,40.3313,-111.57284,5/17/23,Non-Hispanic,White,F,T
2023CK-00724,Zaiya,Loom,F,U,30,12/18/93,Barista,Provo Regional Clinic,84321,41.77938,-111.68316,5/17/23,Hispanic,Other,F,T
2023CK-01631,Sorren,Creel,M,S,35,7/25/88,Warehouse Worker,Ogden Health Department,84401,41.19379,-111.9738,12/24/23,Non-Hispanic,White,T,T
2023CK-01630,Ember,Flint,F,M,42,10/3/81,Pharmacist,Salt Lake Wellness Center,84104,41.21962,-112.03352,12/24/23,Non-Hispanic,Asian,T,T
2023CK-01629,Reva,Druin,F,D,53,9/9/70,Teacher,Cedar City Medical Outreach,84720,37.593409,-113.292337,12/24/23,Hispanic,White,F,T
2024CK-00538,Dravo,Nayel,M,W,47,2/28/76,Maintenance Worker,Moab Public Health Clinic,84532,38.53898,-109.45916,4/12/24,Non-Hispanic,White,T,F
2025CK-00094,Yendry,Zallis,F,S,24,5/19/99,Student,Provo Regional Clinic,84604,40.3313,-111.57284,12/3/24,Hispanic,White,T,F
2024CK-00536,Alvon,Skarn,M,D,38,3/17/85,Security Guard,Logan Care Center,84321,41.77938,-111.68316,4/12/24,Non-Hispanic,Black,T,F
2024CK-00537,Elarin,Gorr,F,M,36,1/29/87,Dental Assistant,Salt Lake Wellness Center,84104,41.21962,-112.03352,4/12/24,Hispanic,White,T,F
2023CK-01515,Tavin,Cloud,M,S,29,6/2/94,Truck Driver,Ogden Health Department,84403,41.19379,-111.9738,11/21/23,Non-Hispanic,White,T,T
2024CK-00007,Cindel,Trask,F,D,31,2/15/92,Office Admin,St. George Community Health,84770,37.593409,-113.292337,12/24/23,Non-Hispanic,Asian,T,T
2023CK-00766,Merek,Creel,M,S,27,3/6/96,Volunteer,Cedar City Medical Outreach,84720,37.593409,-113.292337,6/2/23,Non-Hispanic,White,T,T
2023CK-00865,Sorren,Flint,M,M,48,8/1/75,Factory Worker,Moab Public Health Clinic,84532,38.53898,-109.45916,6/20/23,Hispanic,White,T,T
2023CK-00716,Braydon,Druin,M,S,33,7/13/90,Driver,Provo Regional Clinic,84606,40.3313,-111.57284,5/17/23,Hispanic,White,T,T
2025CK-00093,Revon,Nayel,M,W,45,10/8/78,Manager,Logan Care Center,84321,41.77938,-111.68316,12/14/24,Non-Hispanic,White,T,T
2024CK-00895,Zaiya,Loom,F,S,34,12/3/89,Sales Associate,Ogden Health Department,84404,41.19379,-111.9738,6/8/24,Hispanic,White,F,F
2023CK-00720,Kentria,Skarn,F,D,40,11/23/83,Insurance Rep,Salt Lake Wellness Center,84102,41.21962,-112.03352,5/17/23,Non-Hispanic,Black,T,F
2022CK-00099,Nuvia,Creel,F,S,28,1/17/95,Library Assistant,St. George Community Health,84770,37.593409,-113.292337,2/4/22,Hispanic,White,T,F
2023CK-00471,Lior,Flint,M,W,53,4/20/71,Chef,Provo Regional Clinic,84606,40.3313,-111.57284,4/5/23,Non-Hispanic,White,T,T
2023CK-00712,Zerina,Zallis,F,S,36,9/27/87,Data Clerk,Cedar City Medical Outreach,84720,37.593409,-113.292337,5/17/23,Hispanic,White,T,T
2023CK-00725,Tavin,Druin,M,U,23,5/5/00,Grocery Stocker,Logan Care Center,84321,41.77938,-111.68316,5/17/23,Non-Hispanic,Other,T,T
2021CK-00955,Ardyn,Skarn,F,D,55,6/16/69,Nurse Practitioner,Ogden Health Department,84401,41.19379,-111.9738,4/26/21,Non-Hispanic,White,T,T
2022CK-00537,Lira,Loom,F,M,38,12/25/85,Restaurant Server,Salt Lake Wellness Center,84103,41.21962,-112.03352,9/17/22,Hispanic,White,T,T
2020CK-00225,Dravo,Gorr,M,M,63,7/8/61,Retired Police Officer,Moab Public Health Clinic,84532,38.53898,-109.45916,6/18/20,Non-Hispanic,White,T,T
2021CK-01634,Tharin,Trask,M,W,46,8/10/77,Postal Worker,Provo Regional Clinic,84604,40.3313,-111.57284,11/8/21,Hispanic,White,T,T
2020CK-00168,Cassiel,Zallis,F,S,31,9/30/92,Receptionist,Logan Care Center,84321,41.77938,-111.68316,5/23/20,Non-Hispanic,White,T,F
2021CK-01865,Alvon,Nayel,M,D,57,10/26/66,Technician,Ogden Health Department,84401,41.19379,-111.9738,12/27/21,Hispanic,Asian,T,T
2021CK-01846,Mavik,Creel,M,M,59,2/9/64,Accountant,Cedar City Medical Outreach,84720,37.593409,-113.292337,12/27/21,Non-Hispanic,White,T,T
2022CK-00788,Zerina,Flint,F,S,45,5/15/79,Receptionist,Salt Lake Wellness Center,84101,41.21962,-112.03352,12/7/22,Non-Hispanic,Black,F,F
1416055,,,,,,,,,,,,,,,,
2021CK-01840,Tavin,Cloud,M,M,42,6/4/81,Mechanic,Provo Regional Clinic,84604,40.3313,-111.57284,12/21/21,Hispanic,White,F,F
2022CK-00372,Nuvia,Druin,F,W,66,3/30/57,Retired Teacher,Moab Public Health Clinic,84532,38.53898,-109.45916,5/26/22,Non-Hispanic,White,T,T